dataset,variant,complete_folds,expected_folds,accuracy_mean,accuracy_std,balanced_accuracy_mean,balanced_accuracy_std,macro_f1_mean,macro_f1_std,weighted_f1_mean,weighted_f1_std
CHSZ,full,27,27,90.8787389758074,7.357838936133603,80.54429762499932,17.459081075530985,75.42023567771679,17.675579682382516,91.47073516824575,6.808679092655196
CHSZ,classical_latent,27,27,89.81236965046743,10.049496496835907,79.1234843260955,17.381447837553598,73.71909030585365,19.029769299501186,90.75636825874838,8.338172070646296
CHSZ,quantum_depth_1,27,27,90.59160476515791,8.632108204316541,80.9016802121708,17.567341999492108,75.63817232863751,18.260306478286292,91.30912193126359,7.40113593858847
CHSZ,quantum_depth_3,27,27,92.26427310871446,7.247060916371462,81.3565701109541,17.91038998903123,77.04264351018854,18.504514166644064,92.70787883279964,6.483648196878044
CHSZ,no_entanglement,27,27,89.8513533124605,10.13688652516745,80.5053812504941,17.348967986595678,74.94301459637501,18.64612580889439,90.82641753258652,8.123543535072454
CHSZ,linear_entanglement,27,27,90.3179952485164,10.539094614805098,79.38504646054317,17.693851382984622,75.04990440344211,19.141429628168297,91.08518427668986,9.126158733394522
CHSZ,no_reupload,27,27,90.60783117540224,10.277760062942127,81.22916858447525,18.476117175063337,75.7863071478573,19.11544358454992,91.37746333301075,9.145101298676515
CHSZ,frozen_reupload_scale,27,27,90.91731914700125,7.810583154362702,81.04739922494221,17.541984618428145,75.69130827056304,18.758572948939428,91.60837382289625,6.651907014726929
CHSZ,uniform_channel_pool,27,27,90.2195110718543,8.010204710723416,80.05605730451433,17.534105094055782,74.84360657460428,17.215366406525906,90.77216643462701,7.670652712855072
CHSZ,max_channel_pool,27,27,89.25341964252901,13.488813768404686,79.96902867284041,16.648208529585286,74.59131736162266,18.731923958533013,90.03258088599854,11.630204937817828
CHSZ,no_bilstm,27,27,87.79897229454183,10.802235333437995,72.77533099259088,16.829201244199545,69.5888101613019,16.87263178475233,87.93405465153943,10.690628297422379
CHSZ,endpoint_bilstm,27,27,90.26522222891427,7.6368927399002375,80.08922517799083,16.946454479304617,75.2750087903303,17.100013515725806,90.80432213716247,7.182097033692469
CHSZ,mean_bilstm,27,27,90.38503249784505,6.437390079116297,80.22998269914088,16.82442267367012,74.4835392647232,16.134250899184888,90.91852803775743,6.182988873418489
CHSZ,linear_classifier,27,27,91.23599849365088,8.707511903904921,81.16607615900446,17.447603783864103,76.55366813087572,18.483942905762536,91.86602585355601,7.536663657292299
CHSZ,mlp_classifier,27,27,91.14783644163438,8.408461344014393,81.5229444108922,17.592369975241382,76.34487381518902,18.349968365135727,91.87268730695124,7.256450796718701
CHSZ,no_spectral,27,27,81.17270774582342,20.482532096611784,55.18899369249061,12.336281884342757,49.94091940206288,16.503691803811236,75.8332673933859,25.603584127656173
CHSZ,no_bandpowers,27,27,90.4447851638676,10.569622143549847,80.45660310581628,17.49288099665615,75.312237087477,18.855110737510334,91.25894112174235,8.827120065274142
CHSZ,no_entropy,27,27,86.46077678490472,10.65508060071456,74.9525417821659,15.732415402909389,70.27305212226663,16.330256179668247,87.2797785266723,10.709054581116732
CHSZ,no_hjorth,27,27,90.73506813274052,8.871209397916326,79.1547894805383,17.275786865099597,75.38933972043066,18.085774644167856,91.2093534534711,8.098702414517964
CHSZ,no_hjorth_mobility,27,27,89.27432835070013,9.207718643169889,79.18398090185164,17.11697967202994,74.17862560937017,18.037248249117365,90.05964668367758,7.802738040360525
CHSZ,no_hjorth_complexity,27,27,90.4428807604054,9.615754660433186,79.97373329132375,17.75392006217676,75.30298690699642,18.932306304682292,91.28076357605353,7.8285347692596305
CHSZ,no_connectivity,27,27,92.3551605603988,7.246476859583558,81.66911748376464,17.94620533051812,77.37225317217938,18.503820892387303,92.71579749658414,6.530618793801955
CHSZ,no_mean_connectivity,27,27,90.05151168414658,9.507945800605738,76.9514928846169,17.50472014341614,73.18491223874805,17.91960995525402,90.26357236095704,9.348771493827275
CHSZ,no_derivative_connectivity,27,27,91.62370613114973,6.5538640946575395,80.69404717063773,17.328207880172247,76.18722653988453,17.10498241890201,92.0066967863556,6.181589087046056
CHSZ,no_rz_augmentation,27,27,90.89750976451415,7.422317089234352,82.10228155721732,16.298221922183057,76.60027873420239,16.76668320781464,91.67411130696271,6.656254430793526
CHSZ,high_rz_augmentation,27,27,91.30960466778095,7.111943622531683,81.79001763306206,16.97056064842391,76.42694530641471,17.042020363398787,91.9209043052477,6.607608724516506
Sleep-EDF-20,full,20,20,91.07524590809098,3.2145366824442907,76.5792669447556,5.039035386194488,73.06071907236372,5.431192717680397,91.53406652580583,2.7791587544933503
Sleep-EDF-20,classical_latent,20,20,90.67323641593697,3.8672370963292955,76.69073759271427,5.768195118627548,73.03564385463861,6.591727119269549,91.31644877062413,3.3322668951073946
Sleep-EDF-20,quantum_depth_1,20,20,90.33976748860323,3.598349839061258,74.04110540689774,5.988250489134203,70.96936867270679,6.116936299023679,90.80036193997515,3.142017234203552
Sleep-EDF-20,quantum_depth_3,20,20,90.18540456748256,3.988377737257286,75.25757464815152,6.424545186242475,71.88598134989789,6.07345334425435,90.90807199802241,3.2620672560591824
Sleep-EDF-20,no_entanglement,20,20,90.44163939972202,3.9415951468426504,75.41341950162906,6.364261966487116,72.15298612246511,6.166167555263153,90.8405821004315,3.444084244271394
Sleep-EDF-20,linear_entanglement,20,20,90.52850223273373,3.5993278354121503,74.23776830112485,6.560887620038779,71.250194856963,6.54601107985751,90.93037809094264,3.1863856745273105
Sleep-EDF-20,no_reupload,20,20,90.2841452301196,3.9866586248446096,75.34323430791812,5.946954950060206,71.8103002407488,6.320572736055986,90.91454366886772,3.305864725920579
Sleep-EDF-20,frozen_reupload_scale,20,20,91.02252697753622,3.2989706349670196,76.53501457281797,5.61409733382182,73.18829743315436,5.668071408969738,91.55410244675345,2.881049125059504
Sleep-EDF-20,uniform_channel_pool,20,20,91.26659937805219,3.1969156624366444,76.42591819156362,4.914004476028112,73.44661355892694,4.627560396901345,91.67851520856702,2.7341305776822225
Sleep-EDF-20,max_channel_pool,20,20,90.73084197563614,3.478192052648062,75.21390240794969,5.789223873484278,72.52641447346177,5.1092646253853,91.16068872598368,3.118338690347883
Sleep-EDF-20,no_bilstm,20,20,89.37032766937855,4.098098000734891,72.94557335514625,5.269464386026474,69.64541043274207,5.629628565939781,89.84188432655179,3.4849049491598163
Sleep-EDF-20,endpoint_bilstm,20,20,90.98669505170439,3.026657009808586,75.91090078618784,5.498855950911183,73.00215790180815,5.257509767646213,91.48787250453245,2.6581062951681376
Sleep-EDF-20,mean_bilstm,20,20,90.82719358824247,3.2321258847319427,76.16137955184264,6.078155567280972,72.7326296760763,5.785084029069986,91.36607259763952,2.8623813703692216
Sleep-EDF-20,linear_classifier,20,20,90.54469470621392,3.610644395082831,74.07831223279666,5.890173733905856,71.04020057060679,6.522847923462864,90.90561550292226,3.188496328072958
Sleep-EDF-20,mlp_classifier,20,20,90.72786686225338,3.539287083217434,75.48859863350968,6.235441959383009,72.31495838523523,5.901438985944831,91.20300971189042,3.039426849564951
Sleep-EDF-20,no_spectral,20,20,86.39255772308769,4.917269813827176,65.46374636531289,6.102044131833489,62.155421298620084,6.606450912051813,86.60597606254234,4.638724587907705
Sleep-EDF-20,no_bandpowers,20,20,88.13799074663615,3.766740025289959,72.85368023070365,5.2701286373406715,68.80563392025284,5.444867117470398,88.9548427317961,3.280199867364576
Sleep-EDF-20,no_entropy,20,20,89.99526002007674,2.959763608524586,74.24369727071573,5.230720774234234,70.57602677447093,5.577331264955397,90.5191037289398,2.7508655535448607
Sleep-EDF-20,no_hjorth,20,20,90.5507065644999,4.181446532956119,75.62254583862665,5.762793692179071,72.35085860447981,6.036579917748403,91.0731523801281,3.597980975168779
Sleep-EDF-20,no_hjorth_mobility,20,20,91.06414570070868,3.4880897108151627,76.5905985006304,5.838418630955166,73.32174071426633,5.929500582102431,91.55626504676657,3.027776361710472
Sleep-EDF-20,no_hjorth_complexity,20,20,90.77648734442312,4.221771094384359,75.68017195210822,5.761906548682692,72.69015322765573,6.039119346172429,91.25612984210863,3.460345753154116
Sleep-EDF-20,no_connectivity,20,20,89.82484892757087,4.932741498385913,74.88648777349208,6.529755476197501,71.68325005332386,6.424546354790701,90.48970723586567,3.8840511289000785
Sleep-EDF-20,no_mean_connectivity,20,20,90.81493575641258,3.908961553617887,75.97245699651943,5.760729841779569,72.79393224467262,5.947341513028842,91.31007750281681,3.316768529496003
Sleep-EDF-20,no_derivative_connectivity,20,20,90.39247312039365,3.9169384826286806,74.35226033195698,6.417347870049621,71.51132629325323,6.137591017646404,90.8340168102175,3.3987977166020453
Sleep-EDF-20,no_rz_augmentation,20,20,90.78874702156283,3.8105271419990276,76.9183144252495,5.159295945220797,73.18746670612677,6.043666200615627,91.3989277373098,3.2123842385063646
Sleep-EDF-20,high_rz_augmentation,20,20,91.0806884500698,3.627344943729503,76.44104202680236,5.637235846702647,73.34399670201063,5.651329370530503,91.54084289725553,3.13612108367993
